400,YTP,A3640,TOP
400,TCL,A3T40,YTP
400,TCL,A3T50,YTP
400,YTP,A3U50,TOP
400,YTP,A3U60,TOP
400,YTP,A3V70,CBE
400,YTP,A3V80,CBE
230,QMD,93030,PIC
,,,
230,ZAP,93040,TIA
230,LAT,93050,PIC
,,,
230,ITP,93060,PIC
230,LCP,93070,ITP
,,,
230,LCP,93080,ITP
,,,
230,TCL,93090,YCP
,,,
230,YTP,93190,ZAP
,,,
230,ZAP,93200,CUM
,,,
230,LAT,93210,QMD
,,,
230,MZL,93220,QMD
,,,
,,,
230,MZL,93230,LAT
,,,
230,MZL,93240,ZAP
230,MZL,93250,ZAP
230,CRL,93260,MZL
230,MZL,93270,CRL
230,CGP,93280,PIC
,,,
,,,
230,MZL,93290,CGP
230,CUM,93300,YTP
230,ZAP,93500,YTP
,,,
230,YTP,93510,YCP
,,,
,,,
115,TXO,73070,IGU
,,,
115,CIL,73110,SSG
115,CIL,73120,ICS
115,YTP,73130,CUA
115,CUS,73140,CUA
,,,
115,TPL,73150,CIL
,,,
115,YTP,73160,TPL
,,,
115,YTP,73170,LOC
,,,
115,ICS,73180,CUS
,,,
115,LOC,73190,CUS
115,QMD,73200,MOZ
,,,
,,,
115,PIC,73210,MOZ
,,,
,,,
,,,
115,MRA,73220,PYS
,,,
115,PIC,73230,MRA
,,,
,,,
,,,
115,PIC,73240,GAR
,,,
,,,
115,QMD,73250,GAR
,,,
115,QMD,73260,APC
,,,
,,,
115,QMD,73270,ARC
,,,
115,ARC,73280,PYS
,,,
,,,
,,,
115,PIC,73290,APC
,,,
,,,
,,,
,,,
,,,
115,MZL,73300,MFB
115,QMD,73310,TIE
115,TUQ,73320,CIP
115,TUQ,73330,TAN
115,HUU,73340,TAN
115,TAN,73350,MTL
115,TUQ,73360,OLN
115,SLU,73370,AYT
115,SLU,73380,MLN
115,CGN,73400,AZA
115,QMD,73410,PPG
,,,
,,,PZR
115,PPG,73420,CGN
115,AZA,73430,OMT
115,OMT,73440,PIN
115,ITP,73500,UNN
,,,
115,LCP,73510,UNN
115,ITP,73520,PUI
,,,
,,,
115,ZHD,73530,PTT
,,,
115,PUI,73540,ZIH
,,,
115,ZIH,73550,ZHD
,,,
115,QMD,73560,PIC
,,,
115,ITP,73570,ZHD
,,,
,,,
115,PTT,73580,PPN
115,PIC,73590,CYC
,,,
115,CYC,73600,JRN
115,ZAP,73610,TJA
,,,
115,ZAP,73620,CIV
115,TJA,73630,CIV
115,TJA,73640,UNL
115,JIU,73650,ZAP
,,,
115,TEZ,73660,ZAP
,,,
,,,
115,TEZ,73670,JJT
,,,
,,,
115,JJT,73680,YTP
,,,
115,JIU,73690,YTP
,,,
,,,AOS
115,CGP,73700,CHG
,,,
,,,
115,MZL,73710,IGU
,,,
,,,HEL
115,MZL,73720,TXO
,,,
115,CCS,73730,MZL
,,,
115,MZL,73740,BAA
115,TIE,73750,CHG
,,,
,,,
,,,
115,CGP,73770,CCS
115,CGP,73780,CIP
,,,
115,CCS,73790,CHG
,,,
,,,
115,QMD,73810,CUG
,,,
115,QMD,73820,REN
,,,
115,LAT,73830,REN
115,REN,73840,CSS
115,LAT,73850,LMM
,,,
,,,
115,LAT,73860,PUM
,,,
,,,
,,,
115,LAT,73870,PUM
,,,
,,,
,,,
115,LMM,73880,CAZ
,,,
115,LAT,73890,CAY
,,,
115,LAT,73900,PDI
,,,
115,LAT,73910,CAZ
,,,
,,,
,,,
115,LAT,73920,LTP
,,,
115,LTP,73930,MIP
115,LTP,73940,BNL
115,BNL,73950,PDI
115,CUG,73960,CAY
,,,
115,AZA,73A00,SLU
115,OMT,73A10,THU
115,TJA,73B10,NSN
115,CIV,73B20,BDG
115,CRL,73C00,TCE
115,BAA,73C10,CRL
115,BAA,73C20,MLU
115,TCA,73D00,PPN
,,,SLS
115,TCA,73D10,JRN
85,XCH,73010,PTI
,,,CFS
85,XCH,73020,CIO
85,CIO,73030,TMX
,,,
85,ZAP,73040,TBH
85,ZAP,73050,CUE
,,,
85,ZAP,73060,TMX
,,,
85,TLZ,73080,ZAP
,,,
85,TLZ,73090,PTI
85,CUE,73Q20,TBH
,,,
69,VEN,63010,ACH
69,QMD,63060,CRC
69,QMD,63160,CRC
69,CHG,63330,CLT
,,,
69,QMD,63360,VEN
69,QMD,63460,VEN
